<?xml version="1.0"?>
<!DOCTYPE hibernate-mapping PUBLIC "-//Hibernate/Hibernate Mapping DTD 3.0//EN"
"http://hibernate.sourceforge.net/hibernate-mapping-3.0.dtd">
<!-- Generated Jan 16, 2021 12:07:59 PM by Hibernate Tools 3.4.0.CR1 -->
<hibernate-mapping>
    <class name="com.pojo.Admin" table="admin" catalog="erpschool">
        <id name="aid" type="java.lang.Integer">
            <column name="aid" />
            <generator class="identity" />
        </id>
        <property name="name" type="string">
            <column name="name" length="200" />
        </property>
        <property name="logname" type="string">
            <column name="logname" length="200" />
        </property>
        <property name="logpass" type="string">
            <column name="logpass" length="200" />
        </property>
        <property name="position" type="string">
            <column name="position" length="200" />
        </property>
        <property name="email" type="string">
            <column name="email" length="200" />
        </property>
        <property name="phone" type="string">
            <column name="phone" />
        </property>
    </class>
</hibernate-mapping>
