<?xml version="1.0"?>
<!DOCTYPE hibernate-mapping PUBLIC "-//Hibernate/Hibernate Mapping DTD 3.0//EN"
"http://hibernate.sourceforge.net/hibernate-mapping-3.0.dtd">
<!-- Generated Jan 16, 2021 12:07:59 PM by Hibernate Tools 3.4.0.CR1 -->
<hibernate-mapping>
    <class name="com.pojo.Admission" table="admission" catalog="erpschool">
        <id name="adid" type="java.lang.Integer">
            <column name="adid" />
            <generator class="identity" />
        </id>
        <property name="name" type="string">
            <column name="name" />
        </property>
        <property name="sname" type="string">
            <column name="sname" />
        </property>
        <property name="fathername" type="string">
            <column name="fathername" />
        </property>
        <property name="mothername" type="string">
            <column name="mothername" />
        </property>
        <property name="address" type="string">
            <column name="address" />
        </property>
        <property name="phone" type="string">
            <column name="phone" />
        </property>
        <property name="enquiry" type="string">
            <column name="enquiry" />
        </property>
        <property name="photo" type="string">
            <column name="photo" />
        </property>
        <property name="file" type="string">
            <column name="file" />
        </property>
        <property name="file1" type="string">
            <column name="file1" />
        </property>
    </class>
</hibernate-mapping>
