<?xml version="1.0"?>
<!DOCTYPE hibernate-mapping PUBLIC "-//Hibernate/Hibernate Mapping DTD 3.0//EN"
"http://hibernate.sourceforge.net/hibernate-mapping-3.0.dtd">
<!-- Generated Jan 16, 2021 12:07:59 PM by Hibernate Tools 3.4.0.CR1 -->
<hibernate-mapping>
    <class name="com.pojo.Announcement" table="announcement" catalog="erpschool">
        <id name="annid" type="java.lang.Integer">
            <column name="annid" />
            <generator class="identity" />
        </id>
        <property name="announcement" type="string">
            <column name="announcement" length="400" />
        </property>
        <property name="dateofann" type="string">
            <column name="dateofann" />
        </property>
        <property name="file" type="string">
            <column name="file" />
        </property>
    </class>
</hibernate-mapping>
