<?xml version="1.0"?>
<!DOCTYPE hibernate-mapping PUBLIC "-//Hibernate/Hibernate Mapping DTD 3.0//EN"
"http://hibernate.sourceforge.net/hibernate-mapping-3.0.dtd">
<!-- Generated Jan 16, 2021 12:07:59 PM by Hibernate Tools 3.4.0.CR1 -->
<hibernate-mapping>
    <class name="com.pojo.Bookissuestudent" table="bookissuestudent" catalog="erpschool">
        <id name="bisid" type="java.lang.Integer">
            <column name="bisid" />
            <generator class="identity" />
        </id>
        <many-to-one name="book" class="com.pojo.Book" fetch="select">
            <column name="bookid" />
        </many-to-one>
        <many-to-one name="student" class="com.pojo.Student" fetch="select">
            <column name="sid" />
        </many-to-one>
        <property name="issuedate" type="string">
            <column name="issuedate" length="200" />
        </property>
        <property name="returndate" type="string">
            <column name="returndate" length="200" />
        </property>
    </class>
</hibernate-mapping>
