<?xml version="1.0"?>
<!DOCTYPE hibernate-mapping PUBLIC "-//Hibernate/Hibernate Mapping DTD 3.0//EN"
"http://hibernate.sourceforge.net/hibernate-mapping-3.0.dtd">
<!-- Generated Jan 16, 2021 12:07:59 PM by Hibernate Tools 3.4.0.CR1 -->
<hibernate-mapping>
    <class name="com.pojo.Book" table="book" catalog="erpschool">
        <id name="bookid" type="java.lang.Integer">
            <column name="bookid" />
            <generator class="identity" />
        </id>
        <many-to-one name="subject" class="com.pojo.Subject" fetch="select">
            <column name="subid" />
        </many-to-one>
        <property name="name" type="string">
            <column name="name" length="200" />
        </property>
        <property name="catagery" type="string">
            <column name="catagery" length="200" />
        </property>
        <property name="standard" type="string">
            <column name="standard" length="200" />
        </property>
        <property name="author" type="string">
            <column name="author" length="200" />
        </property>
        <property name="isbn" type="string">
            <column name="isbn" length="200" />
        </property>
        <property name="page" type="string">
            <column name="page" length="200" />
        </property>
        <property name="price" type="string">
            <column name="price" length="200" />
        </property>
        <property name="quantity" type="string">
            <column name="quantity" length="200" />
        </property>
        <property name="language" type="string">
            <column name="language" length="200" />
        </property>
        <property name="publication" type="string">
            <column name="publication" length="200" />
        </property>
        <set name="bookissuestudents" table="bookissuestudent" inverse="true" lazy="true" fetch="select">
            <key>
                <column name="bookid" />
            </key>
            <one-to-many class="com.pojo.Bookissuestudent" />
        </set>
        <set name="bookissueteachers" table="bookissueteacher" inverse="true" lazy="true" fetch="select">
            <key>
                <column name="bookid" />
            </key>
            <one-to-many class="com.pojo.Bookissueteacher" />
        </set>
    </class>
</hibernate-mapping>
