<?xml version="1.0"?>
<!DOCTYPE hibernate-mapping PUBLIC "-//Hibernate/Hibernate Mapping DTD 3.0//EN"
"http://hibernate.sourceforge.net/hibernate-mapping-3.0.dtd">
<!-- Generated Jan 16, 2021 12:07:59 PM by Hibernate Tools 3.4.0.CR1 -->
<hibernate-mapping>
    <class name="com.pojo.Bus" table="bus" catalog="erpschool">
        <id name="busid" type="java.lang.Integer">
            <column name="busid" />
            <generator class="identity" />
        </id>
        <many-to-one name="route" class="com.pojo.Route" fetch="select">
            <column name="routeid" />
        </many-to-one>
        <many-to-one name="driver" class="com.pojo.Driver" fetch="select">
            <column name="did" />
        </many-to-one>
        <property name="busno" type="string">
            <column name="busno" length="200" />
        </property>
        <property name="dateofrepair" type="string">
            <column name="dateofrepair" length="200" />
        </property>
        <property name="capacity" type="string">
            <column name="capacity" length="200" />
        </property>
        <set name="busstudents" table="busstudent" inverse="true" lazy="true" fetch="select">
            <key>
                <column name="busid" />
            </key>
            <one-to-many class="com.pojo.Busstudent" />
        </set>
        <set name="busstatuses" table="busstatus" inverse="true" lazy="true" fetch="select">
            <key>
                <column name="busid" />
            </key>
            <one-to-many class="com.pojo.Busstatus" />
        </set>
    </class>
</hibernate-mapping>
