<?xml version="1.0"?>
<!DOCTYPE hibernate-mapping PUBLIC "-//Hibernate/Hibernate Mapping DTD 3.0//EN"
"http://hibernate.sourceforge.net/hibernate-mapping-3.0.dtd">
<!-- Generated Jan 16, 2021 12:07:59 PM by Hibernate Tools 3.4.0.CR1 -->
<hibernate-mapping>
    <class name="com.pojo.Busstatus" table="busstatus" catalog="erpschool">
        <id name="bsid" type="java.lang.Integer">
            <column name="bsid" />
            <generator class="identity" />
        </id>
        <many-to-one name="bus" class="com.pojo.Bus" fetch="select">
            <column name="busid" />
        </many-to-one>
        <property name="status" type="string">
            <column name="status" />
        </property>
    </class>
</hibernate-mapping>
