<?xml version="1.0"?>
<!DOCTYPE hibernate-mapping PUBLIC "-//Hibernate/Hibernate Mapping DTD 3.0//EN"
"http://hibernate.sourceforge.net/hibernate-mapping-3.0.dtd">
<!-- Generated Jan 16, 2021 12:07:59 PM by Hibernate Tools 3.4.0.CR1 -->
<hibernate-mapping>
    <class name="com.pojo.Candidate" table="candidate" catalog="erpschool">
        <id name="cid" type="java.lang.Integer">
            <column name="cid" />
            <generator class="identity" />
        </id>
        <many-to-one name="student" class="com.pojo.Student" fetch="select">
            <column name="sid" />
        </many-to-one>
        <many-to-one name="testseries" class="com.pojo.Testseries" fetch="select">
            <column name="tsid" />
        </many-to-one>
        <property name="date" type="string">
            <column name="date" />
        </property>
        <property name="time" type="string">
            <column name="time" />
        </property>
        <property name="standard" type="string">
            <column name="standard" />
        </property>
        <set name="scores" table="score" inverse="true" lazy="true" fetch="select">
            <key>
                <column name="cid" />
            </key>
            <one-to-many class="com.pojo.Score" />
        </set>
        <set name="candidateanses" table="candidateans" inverse="true" lazy="true" fetch="select">
            <key>
                <column name="cid" />
            </key>
            <one-to-many class="com.pojo.Candidateans" />
        </set>
    </class>
</hibernate-mapping>
