<?xml version="1.0"?>
<!DOCTYPE hibernate-mapping PUBLIC "-//Hibernate/Hibernate Mapping DTD 3.0//EN"
"http://hibernate.sourceforge.net/hibernate-mapping-3.0.dtd">
<!-- Generated Jan 16, 2021 12:07:59 PM by Hibernate Tools 3.4.0.CR1 -->
<hibernate-mapping>
    <class name="com.pojo.Career" table="career" catalog="erpschool">
        <id name="careerid" type="java.lang.Integer">
            <column name="careerid" />
            <generator class="identity" />
        </id>
        <property name="post" type="string">
            <column name="post" />
        </property>
        <property name="discriptions" type="string">
            <column name="discriptions" length="500" />
        </property>
        <property name="package_" type="string">
            <column name="package" length="200" />
        </property>
    </class>
</hibernate-mapping>
