<?xml version="1.0"?>
<!DOCTYPE hibernate-mapping PUBLIC "-//Hibernate/Hibernate Mapping DTD 3.0//EN"
"http://hibernate.sourceforge.net/hibernate-mapping-3.0.dtd">
<!-- Generated Jan 16, 2021 12:07:59 PM by Hibernate Tools 3.4.0.CR1 -->
<hibernate-mapping>
    <class name="com.pojo.Classs" table="classs" catalog="erpschool">
        <id name="classid" type="java.lang.Integer">
            <column name="classid" />
            <generator class="identity" />
        </id>
        <property name="classno" type="string">
            <column name="classno" />
        </property>
        <property name="standard" type="string">
            <column name="standard" />
        </property>
        <property name="division" type="string">
            <column name="division" />
        </property>
        <property name="starttime" type="string">
            <column name="starttime" />
        </property>
        <property name="endtime" type="string">
            <column name="endtime" />
        </property>
    </class>
</hibernate-mapping>
