<?xml version="1.0"?>
<!DOCTYPE hibernate-mapping PUBLIC "-//Hibernate/Hibernate Mapping DTD 3.0//EN"
"http://hibernate.sourceforge.net/hibernate-mapping-3.0.dtd">
<!-- Generated Jan 16, 2021 12:07:59 PM by Hibernate Tools 3.4.0.CR1 -->
<hibernate-mapping>
    <class name="com.pojo.Classsmart" table="classsmart" catalog="erpschool">
        <id name="scid" type="java.lang.Integer">
            <column name="scid" />
            <generator class="identity" />
        </id>
        <many-to-one name="teacher" class="com.pojo.Teacher" fetch="select">
            <column name="tid" />
        </many-to-one>
        <property name="classno" type="string">
            <column name="classno" />
        </property>
        <property name="date" type="string">
            <column name="date" />
        </property>
        <property name="hours" type="string">
            <column name="hours" />
        </property>
        <property name="reason" type="string">
            <column name="reason" />
        </property>
        <property name="capacity" type="string">
            <column name="capacity" />
        </property>
    </class>
</hibernate-mapping>
