<?xml version="1.0"?>
<!DOCTYPE hibernate-mapping PUBLIC "-//Hibernate/Hibernate Mapping DTD 3.0//EN"
"http://hibernate.sourceforge.net/hibernate-mapping-3.0.dtd">
<!-- Generated Jan 16, 2021 12:07:59 PM by Hibernate Tools 3.4.0.CR1 -->
<hibernate-mapping>
    <class name="com.pojo.Comment" table="comment" catalog="erpschool">
        <id name="commentid" type="java.lang.Integer">
            <column name="commentid" />
            <generator class="identity" />
        </id>
        <property name="name" type="string">
            <column name="name" />
        </property>
        <property name="email" type="string">
            <column name="email" length="55" />
        </property>
        <property name="comment" type="string">
            <column name="comment" />
        </property>
    </class>
</hibernate-mapping>
