<?xml version="1.0"?>
<!DOCTYPE hibernate-mapping PUBLIC "-//Hibernate/Hibernate Mapping DTD 3.0//EN"
"http://hibernate.sourceforge.net/hibernate-mapping-3.0.dtd">
<!-- Generated Jan 16, 2021 12:07:59 PM by Hibernate Tools 3.4.0.CR1 -->
<hibernate-mapping>
    <class name="com.pojo.Driver" table="driver" catalog="erpschool">
        <id name="did" type="java.lang.Integer">
            <column name="did" />
            <generator class="identity" />
        </id>
        <property name="dname" type="string">
            <column name="dname" length="200" />
        </property>
        <property name="address" type="string">
            <column name="address" length="200" />
        </property>
        <property name="aadhar" type="string">
            <column name="aadhar" length="200" />
        </property>
        <property name="panno" type="string">
            <column name="panno" length="200" />
        </property>
        <property name="phone" type="string">
            <column name="phone" length="20" />
        </property>
        <property name="photo" type="string">
            <column name="photo" length="200" />
        </property>
        <property name="position" type="string">
            <column name="position" length="200" />
        </property>
        <property name="gender" type="string">
            <column name="gender" length="200" />
        </property>
        <property name="age" type="string">
            <column name="age" length="200" />
        </property>
        <property name="licenceno" type="string">
            <column name="licenceno" length="200" />
        </property>
        <property name="logname" type="string">
            <column name="logname" length="200" />
        </property>
        <property name="logpass" type="string">
            <column name="logpass" length="200" />
        </property>
        <property name="licence" type="string">
            <column name="licence" length="200" />
        </property>
        <property name="salary" type="string">
            <column name="salary" />
        </property>
        <set name="buses" table="bus" inverse="true" lazy="true" fetch="select">
            <key>
                <column name="did" />
            </key>
            <one-to-many class="com.pojo.Bus" />
        </set>
    </class>
</hibernate-mapping>
