<?xml version="1.0"?>
<!DOCTYPE hibernate-mapping PUBLIC "-//Hibernate/Hibernate Mapping DTD 3.0//EN"
"http://hibernate.sourceforge.net/hibernate-mapping-3.0.dtd">
<!-- Generated Jan 16, 2021 12:07:59 PM by Hibernate Tools 3.4.0.CR1 -->
<hibernate-mapping>
    <class name="com.pojo.Employee" table="employee" catalog="erpschool">
        <id name="eid" type="java.lang.Integer">
            <column name="eid" />
            <generator class="identity" />
        </id>
        <property name="name" type="string">
            <column name="name" />
        </property>
        <property name="position" type="string">
            <column name="position" />
        </property>
        <property name="phone" type="string">
            <column name="phone" />
        </property>
        <property name="address" type="string">
            <column name="address" />
        </property>
        <property name="salary" type="string">
            <column name="salary" />
        </property>
        <property name="gender" type="string">
            <column name="gender" />
        </property>
        <property name="age" type="string">
            <column name="age" />
        </property>
        <property name="joindate" type="string">
            <column name="joindate" />
        </property>
        <property name="logname" type="string">
            <column name="logname" />
        </property>
        <property name="logpass" type="string">
            <column name="logpass" />
        </property>
        <property name="photo" type="string">
            <column name="photo" />
        </property>
        <property name="aadhar" type="string">
            <column name="aadhar" />
        </property>
        <property name="pan" type="string">
            <column name="pan" />
        </property>
        <property name="dob" type="string">
            <column name="dob" />
        </property>
        <set name="leaveemployees" table="leaveemployee" inverse="true" lazy="true" fetch="select">
            <key>
                <column name="eid" />
            </key>
            <one-to-many class="com.pojo.Leaveemployee" />
        </set>
        <set name="reviewstaffs" table="reviewstaff" inverse="true" lazy="true" fetch="select">
            <key>
                <column name="eid" />
            </key>
            <one-to-many class="com.pojo.Reviewstaff" />
        </set>
        <set name="employeeattendances" table="employeeattendance" inverse="true" lazy="true" fetch="select">
            <key>
                <column name="eid" />
            </key>
            <one-to-many class="com.pojo.Employeeattendance" />
        </set>
    </class>
</hibernate-mapping>
