<?xml version="1.0"?>
<!DOCTYPE hibernate-mapping PUBLIC "-//Hibernate/Hibernate Mapping DTD 3.0//EN"
"http://hibernate.sourceforge.net/hibernate-mapping-3.0.dtd">
<!-- Generated Jan 16, 2021 12:07:59 PM by Hibernate Tools 3.4.0.CR1 -->
<hibernate-mapping>
    <class name="com.pojo.Fee" table="fee" catalog="erpschool">
        <id name="fsid" type="java.lang.Integer">
            <column name="fsid" />
            <generator class="identity" />
        </id>
        <property name="year" type="string">
            <column name="year" length="200" />
        </property>
        <property name="standard" type="string">
            <column name="standard" />
        </property>
        <property name="tuitionfees" type="string">
            <column name="tuitionfees" />
        </property>
        <property name="transport" type="string">
            <column name="transport" />
        </property>
        <property name="hostel" type="string">
            <column name="hostel" />
        </property>
        <property name="library" type="string">
            <column name="library" />
        </property>
        <property name="sport" type="string">
            <column name="sport" />
        </property>
        <property name="exam" type="string">
            <column name="exam" />
        </property>
        <property name="other" type="string">
            <column name="other" />
        </property>
        <property name="totalfee" type="string">
            <column name="totalfee" />
        </property>
        <set name="students" table="student" inverse="true" lazy="true" fetch="select">
            <key>
                <column name="fsid" />
            </key>
            <one-to-many class="com.pojo.Student" />
        </set>
    </class>
</hibernate-mapping>
