<?xml version="1.0"?>
<!DOCTYPE hibernate-mapping PUBLIC "-//Hibernate/Hibernate Mapping DTD 3.0//EN"
"http://hibernate.sourceforge.net/hibernate-mapping-3.0.dtd">
<!-- Generated Jan 16, 2021 12:07:59 PM by Hibernate Tools 3.4.0.CR1 -->
<hibernate-mapping>
    <class name="com.pojo.Homework" table="homework" catalog="erpschool">
        <id name="homeid" type="java.lang.Integer">
            <column name="homeid" />
            <generator class="identity" />
        </id>
        <many-to-one name="subject" class="com.pojo.Subject" fetch="select">
            <column name="subid" />
        </many-to-one>
        <property name="standard" type="string">
            <column name="standard" length="200" />
        </property>
        <property name="division" type="string">
            <column name="division" length="200" />
        </property>
        <property name="doc" type="string">
            <column name="doc" length="200" />
        </property>
        <set name="homeworkcompletes" table="homeworkcomplete" inverse="true" lazy="true" fetch="select">
            <key>
                <column name="homeid" />
            </key>
            <one-to-many class="com.pojo.Homeworkcomplete" />
        </set>
        <set name="homeworkreports" table="homeworkreport" inverse="true" lazy="true" fetch="select">
            <key>
                <column name="homeid" />
            </key>
            <one-to-many class="com.pojo.Homeworkreport" />
        </set>
    </class>
</hibernate-mapping>
