<?xml version="1.0"?>
<!DOCTYPE hibernate-mapping PUBLIC "-//Hibernate/Hibernate Mapping DTD 3.0//EN"
"http://hibernate.sourceforge.net/hibernate-mapping-3.0.dtd">
<!-- Generated Jan 16, 2021 12:07:59 PM by Hibernate Tools 3.4.0.CR1 -->
<hibernate-mapping>
    <class name="com.pojo.Homeworkcomplete" table="homeworkcomplete" catalog="erpschool">
        <id name="hcid" type="java.lang.Integer">
            <column name="hcid" />
            <generator class="identity" />
        </id>
        <many-to-one name="student" class="com.pojo.Student" fetch="select">
            <column name="sid" />
        </many-to-one>
        <many-to-one name="homework" class="com.pojo.Homework" fetch="select">
            <column name="homeid" />
        </many-to-one>
        <property name="file" type="string">
            <column name="file" length="200" />
        </property>
        <set name="homeworkreports" table="homeworkreport" inverse="true" lazy="true" fetch="select">
            <key>
                <column name="hcid" />
            </key>
            <one-to-many class="com.pojo.Homeworkreport" />
        </set>
    </class>
</hibernate-mapping>
