<?xml version="1.0"?>
<!DOCTYPE hibernate-mapping PUBLIC "-//Hibernate/Hibernate Mapping DTD 3.0//EN"
"http://hibernate.sourceforge.net/hibernate-mapping-3.0.dtd">
<!-- Generated Jan 16, 2021 12:07:59 PM by Hibernate Tools 3.4.0.CR1 -->
<hibernate-mapping>
    <class name="com.pojo.Homeworkreport" table="homeworkreport" catalog="erpschool">
        <id name="hrid" type="java.lang.Integer">
            <column name="hrid" />
            <generator class="identity" />
        </id>
        <many-to-one name="student" class="com.pojo.Student" fetch="select">
            <column name="sid" />
        </many-to-one>
        <many-to-one name="homeworkcomplete" class="com.pojo.Homeworkcomplete" fetch="select">
            <column name="hcid" />
        </many-to-one>
        <many-to-one name="homework" class="com.pojo.Homework" fetch="select">
            <column name="homeid" />
        </many-to-one>
        <property name="report" type="string">
            <column name="report" length="400" />
        </property>
    </class>
</hibernate-mapping>
