<?xml version="1.0"?>
<!DOCTYPE hibernate-mapping PUBLIC "-//Hibernate/Hibernate Mapping DTD 3.0//EN"
"http://hibernate.sourceforge.net/hibernate-mapping-3.0.dtd">
<!-- Generated Jan 16, 2021 12:07:59 PM by Hibernate Tools 3.4.0.CR1 -->
<hibernate-mapping>
    <class name="com.pojo.Hostel" table="hostel" catalog="erpschool">
        <id name="hostelid" type="java.lang.Integer">
            <column name="hostelid" />
            <generator class="identity" />
        </id>
        <property name="type" type="string">
            <column name="type" length="200" />
        </property>
        <property name="wardenname" type="string">
            <column name="wardenname" length="200" />
        </property>
        <property name="wing" type="string">
            <column name="wing" length="200" />
        </property>
        <property name="room" type="string">
            <column name="room" length="200" />
        </property>
        <property name="bed" type="string">
            <column name="bed" length="200" />
        </property>
        <property name="watertime" type="string">
            <column name="watertime" length="200" />
        </property>
        <property name="breakfasttime" type="string">
            <column name="breakfasttime" length="200" />
        </property>
        <property name="lunchtime" type="string">
            <column name="lunchtime" length="200" />
        </property>
        <property name="dinnertime" type="string">
            <column name="dinnertime" length="200" />
        </property>
        <property name="logname" type="string">
            <column name="logname" length="200" />
        </property>
        <property name="logpass" type="string">
            <column name="logpass" length="200" />
        </property>
        <property name="finalintime" type="string">
            <column name="finalintime" length="200" />
        </property>
        <set name="studenthostels" table="studenthostel" inverse="true" lazy="true" fetch="select">
            <key>
                <column name="hostelid" />
            </key>
            <one-to-many class="com.pojo.Studenthostel" />
        </set>
    </class>
</hibernate-mapping>
