<?xml version="1.0"?>
<!DOCTYPE hibernate-mapping PUBLIC "-//Hibernate/Hibernate Mapping DTD 3.0//EN"
"http://hibernate.sourceforge.net/hibernate-mapping-3.0.dtd">
<!-- Generated Jan 16, 2021 12:07:59 PM by Hibernate Tools 3.4.0.CR1 -->
<hibernate-mapping>
    <class name="com.pojo.Leavestudent" table="leavestudent" catalog="erpschool">
        <id name="leavesid" type="java.lang.Integer">
            <column name="leavesid" />
            <generator class="identity" />
        </id>
        <many-to-one name="student" class="com.pojo.Student" fetch="select">
            <column name="sid" />
        </many-to-one>
        <property name="reason" type="string">
            <column name="reason" />
        </property>
        <property name="status" type="string">
            <column name="status" />
        </property>
    </class>
</hibernate-mapping>
