<?xml version="1.0"?>
<!DOCTYPE hibernate-mapping PUBLIC "-//Hibernate/Hibernate Mapping DTD 3.0//EN"
"http://hibernate.sourceforge.net/hibernate-mapping-3.0.dtd">
<!-- Generated Jan 16, 2021 12:07:59 PM by Hibernate Tools 3.4.0.CR1 -->
<hibernate-mapping>
    <class name="com.pojo.Leaveteacher" table="leaveteacher" catalog="erpschool">
        <id name="leavetid" type="java.lang.Integer">
            <column name="leavetid" />
            <generator class="identity" />
        </id>
        <many-to-one name="teacher" class="com.pojo.Teacher" fetch="select">
            <column name="tid" />
        </many-to-one>
        <property name="reason" type="string">
            <column name="reason" />
        </property>
        <property name="status" type="string">
            <column name="status" />
        </property>
    </class>
</hibernate-mapping>
