<?xml version="1.0"?>
<!DOCTYPE hibernate-mapping PUBLIC "-//Hibernate/Hibernate Mapping DTD 3.0//EN"
"http://hibernate.sourceforge.net/hibernate-mapping-3.0.dtd">
<!-- Generated Jan 16, 2021 12:07:59 PM by Hibernate Tools 3.4.0.CR1 -->
<hibernate-mapping>
    <class name="com.pojo.Lecturetimetable" table="lecturetimetable" catalog="erpschool">
        <id name="ltid" type="java.lang.Integer">
            <column name="ltid" />
            <generator class="identity" />
        </id>
        <property name="year" type="string">
            <column name="year" />
        </property>
        <property name="standard" type="string">
            <column name="standard" />
        </property>
        <property name="division" type="string">
            <column name="division" />
        </property>
        <property name="file" type="string">
            <column name="file" />
        </property>
    </class>
</hibernate-mapping>
