<?xml version="1.0"?>
<!DOCTYPE hibernate-mapping PUBLIC "-//Hibernate/Hibernate Mapping DTD 3.0//EN"
"http://hibernate.sourceforge.net/hibernate-mapping-3.0.dtd">
<!-- Generated Jan 16, 2021 12:07:59 PM by Hibernate Tools 3.4.0.CR1 -->
<hibernate-mapping>
    <class name="com.pojo.Lectureattendance" table="lectureattendance" catalog="erpschool">
        <id name="laid" type="java.lang.Integer">
            <column name="laid" />
            <generator class="identity" />
        </id>
        <many-to-one name="subject" class="com.pojo.Subject" fetch="select">
            <column name="subid" />
        </many-to-one>
        <many-to-one name="teacher" class="com.pojo.Teacher" fetch="select">
            <column name="tid" />
        </many-to-one>
        <property name="dates" type="string">
            <column name="dates" length="400" />
        </property>
        <property name="hours" type="string">
            <column name="hours" length="400" />
        </property>
        <property name="standard" type="string">
            <column name="standard" />
        </property>
        <property name="division" type="string">
            <column name="division" />
        </property>
        <property name="rollnospresents" type="string">
            <column name="rollnospresents" length="500" />
        </property>
        <property name="rollnoabsents" type="string">
            <column name="rollnoabsents" length="500" />
        </property>
    </class>
</hibernate-mapping>
