<?xml version="1.0"?>
<!DOCTYPE hibernate-mapping PUBLIC "-//Hibernate/Hibernate Mapping DTD 3.0//EN"
"http://hibernate.sourceforge.net/hibernate-mapping-3.0.dtd">
<!-- Generated Jan 16, 2021 12:07:59 PM by Hibernate Tools 3.4.0.CR1 -->
<hibernate-mapping>
    <class name="com.pojo.Offlineexam" table="offlineexam" catalog="erpschool">
        <id name="offexamid" type="java.lang.Integer">
            <column name="offexamid" />
            <generator class="identity" />
        </id>
        <many-to-one name="subject" class="com.pojo.Subject" fetch="select">
            <column name="subid" />
        </many-to-one>
        <many-to-one name="testseries" class="com.pojo.Testseries" fetch="select">
            <column name="tsid" />
        </many-to-one>
        <property name="standard" type="string">
            <column name="standard" />
        </property>
        <property name="division" type="string">
            <column name="division" />
        </property>
        <property name="file" type="string">
            <column name="file" />
        </property>
        <property name="date" type="string">
            <column name="date" />
        </property>
        <property name="time" type="string">
            <column name="time" />
        </property>
        <property name="submittime" type="string">
            <column name="submittime" />
        </property>
    </class>
</hibernate-mapping>
