<?xml version="1.0"?>
<!DOCTYPE hibernate-mapping PUBLIC "-//Hibernate/Hibernate Mapping DTD 3.0//EN"
"http://hibernate.sourceforge.net/hibernate-mapping-3.0.dtd">
<!-- Generated Jan 16, 2021 12:07:59 PM by Hibernate Tools 3.4.0.CR1 -->
<hibernate-mapping>
    <class name="com.pojo.Parent" table="parent" catalog="erpschool">
        <id name="pid" type="java.lang.Integer">
            <column name="pid" />
            <generator class="identity" />
        </id>
        <property name="fathername" type="string">
            <column name="fathername" length="200" />
        </property>
        <property name="mothername" type="string">
            <column name="mothername" length="200" />
        </property>
        <property name="fphone" type="string">
            <column name="fphone" length="20" />
        </property>
        <property name="mphone" type="string">
            <column name="mphone" length="20" />
        </property>
        <property name="address" type="string">
            <column name="address" length="200" />
        </property>
        <property name="occupation" type="string">
            <column name="occupation" length="200" />
        </property>
        <property name="logname" type="string">
            <column name="logname" length="200" />
        </property>
        <property name="logpass" type="string">
            <column name="logpass" length="200" />
        </property>
        <property name="altphoneno" type="string">
            <column name="altphoneno" length="200" />
        </property>
        <property name="fatherphoto" type="string">
            <column name="fatherphoto" />
        </property>
        <property name="motherphoto" type="string">
            <column name="motherphoto" />
        </property>
        <property name="accno" type="string">
            <column name="accno" />
        </property>
        <property name="ifsc" type="string">
            <column name="ifsc" />
        </property>
        <property name="accholdername" type="string">
            <column name="accholdername" />
        </property>
        <set name="students" table="student" inverse="true" lazy="true" fetch="select">
            <key>
                <column name="pid" />
            </key>
            <one-to-many class="com.pojo.Student" />
        </set>
    </class>
</hibernate-mapping>
