<?xml version="1.0"?>
<!DOCTYPE hibernate-mapping PUBLIC "-//Hibernate/Hibernate Mapping DTD 3.0//EN"
"http://hibernate.sourceforge.net/hibernate-mapping-3.0.dtd">
<!-- Generated Jan 16, 2021 12:07:59 PM by Hibernate Tools 3.4.0.CR1 -->
<hibernate-mapping>
    <class name="com.pojo.Product" table="product" catalog="erpschool">
        <id name="pid" type="java.lang.Integer">
            <column name="pid" />
            <generator class="identity" />
        </id>
        <property name="pname" type="string">
            <column name="pname" />
        </property>
        <property name="quantity" type="string">
            <column name="quantity" />
        </property>
        <property name="department" type="string">
            <column name="department" />
        </property>
    </class>
</hibernate-mapping>
