<?xml version="1.0"?>
<!DOCTYPE hibernate-mapping PUBLIC "-//Hibernate/Hibernate Mapping DTD 3.0//EN"
"http://hibernate.sourceforge.net/hibernate-mapping-3.0.dtd">
<!-- Generated Jan 16, 2021 12:07:59 PM by Hibernate Tools 3.4.0.CR1 -->
<hibernate-mapping>
    <class name="com.pojo.Productpurchase" table="productpurchase" catalog="erpschool">
        <id name="ppid" type="java.lang.Integer">
            <column name="ppid" />
            <generator class="identity" />
        </id>
        <property name="pname" type="string">
            <column name="pname" />
        </property>
        <property name="quantity" type="string">
            <column name="quantity" />
        </property>
        <property name="price" type="string">
            <column name="price" />
        </property>
        <property name="dateofpurchase" type="string">
            <column name="dateofpurchase" />
        </property>
        <property name="billimg" type="string">
            <column name="billimg" />
        </property>
    </class>
</hibernate-mapping>
