<?xml version="1.0"?>
<!DOCTYPE hibernate-mapping PUBLIC "-//Hibernate/Hibernate Mapping DTD 3.0//EN"
"http://hibernate.sourceforge.net/hibernate-mapping-3.0.dtd">
<!-- Generated Jan 16, 2021 12:07:59 PM by Hibernate Tools 3.4.0.CR1 -->
<hibernate-mapping>
    <class name="com.pojo.Reviewstaff" table="reviewstaff" catalog="erpschool">
        <id name="reviewstaffid" type="java.lang.Integer">
            <column name="reviewstaffid" />
            <generator class="identity" />
        </id>
        <many-to-one name="employee" class="com.pojo.Employee" fetch="select">
            <column name="eid" />
        </many-to-one>
        <property name="comment" type="string">
            <column name="comment" />
        </property>
    </class>
</hibernate-mapping>
