<?xml version="1.0"?>
<!DOCTYPE hibernate-mapping PUBLIC "-//Hibernate/Hibernate Mapping DTD 3.0//EN"
"http://hibernate.sourceforge.net/hibernate-mapping-3.0.dtd">
<!-- Generated Jan 16, 2021 12:07:59 PM by Hibernate Tools 3.4.0.CR1 -->
<hibernate-mapping>
    <class name="com.pojo.Route" table="route" catalog="erpschool">
        <id name="routeid" type="java.lang.Integer">
            <column name="routeid" />
            <generator class="identity" />
        </id>
        <property name="source" type="string">
            <column name="source" length="200" />
        </property>
        <property name="sourcetime" type="string">
            <column name="sourcetime" length="200" />
        </property>
        <property name="destination" type="string">
            <column name="destination" length="200" />
        </property>
        <property name="destinationtime" type="string">
            <column name="destinationtime" length="200" />
        </property>
        <property name="stopno" type="string">
            <column name="stopno" length="200" />
        </property>
        <set name="buses" table="bus" inverse="true" lazy="true" fetch="select">
            <key>
                <column name="routeid" />
            </key>
            <one-to-many class="com.pojo.Bus" />
        </set>
    </class>
</hibernate-mapping>
