<?xml version="1.0"?>
<!DOCTYPE hibernate-mapping PUBLIC "-//Hibernate/Hibernate Mapping DTD 3.0//EN"
"http://hibernate.sourceforge.net/hibernate-mapping-3.0.dtd">
<!-- Generated Jan 16, 2021 12:07:59 PM by Hibernate Tools 3.4.0.CR1 -->
<hibernate-mapping>
    <class name="com.pojo.Salary" table="salary" catalog="erpschool">
        <id name="salid" type="java.lang.Integer">
            <column name="salid" />
            <generator class="identity" />
        </id>
        <property name="employeename" type="string">
            <column name="employeename" />
        </property>
        <property name="paid" type="string">
            <column name="paid" />
        </property>
        <property name="unpaid" type="string">
            <column name="unpaid" />
        </property>
        <property name="total" type="string">
            <column name="total" />
        </property>
        <property name="month" type="string">
            <column name="month" />
        </property>
        <property name="monthsalary" type="string">
            <column name="monthsalary" />
        </property>
    </class>
</hibernate-mapping>
