<?xml version="1.0"?>
<!DOCTYPE hibernate-mapping PUBLIC "-//Hibernate/Hibernate Mapping DTD 3.0//EN"
"http://hibernate.sourceforge.net/hibernate-mapping-3.0.dtd">
<!-- Generated Jan 16, 2021 12:07:59 PM by Hibernate Tools 3.4.0.CR1 -->
<hibernate-mapping>
    <class name="com.pojo.Scholarshipreq" table="scholarshipreq" catalog="erpschool">
        <id name="scholarqid" type="java.lang.Integer">
            <column name="scholarqid" />
            <generator class="identity" />
        </id>
        <many-to-one name="student" class="com.pojo.Student" fetch="select">
            <column name="sid" />
        </many-to-one>
        <property name="uniqueid" type="string">
            <column name="uniqueid" />
        </property>
        <property name="year" type="string">
            <column name="year" />
        </property>
        <property name="standard" type="string">
            <column name="standard" />
        </property>
        <property name="cast" type="string">
            <column name="cast" />
        </property>
        <property name="castcertificate" type="string">
            <column name="castcertificate" />
        </property>
        <property name="nameofscholarship" type="string">
            <column name="nameofscholarship" />
        </property>
        <property name="file" type="string">
            <column name="file" />
        </property>
        <property name="file1" type="string">
            <column name="file1" />
        </property>
        <property name="file2" type="string">
            <column name="file2" />
        </property>
        <property name="file3" type="string">
            <column name="file3" />
        </property>
        <property name="status" type="string">
            <column name="status" />
        </property>
    </class>
</hibernate-mapping>
