<?xml version="1.0"?>
<!DOCTYPE hibernate-mapping PUBLIC "-//Hibernate/Hibernate Mapping DTD 3.0//EN"
"http://hibernate.sourceforge.net/hibernate-mapping-3.0.dtd">
<!-- Generated Jan 16, 2021 12:07:59 PM by Hibernate Tools 3.4.0.CR1 -->
<hibernate-mapping>
    <class name="com.pojo.Score" table="score" catalog="erpschool">
        <id name="sid" type="java.lang.Integer">
            <column name="sid" />
            <generator class="identity" />
        </id>
        <many-to-one name="candidate" class="com.pojo.Candidate" fetch="select">
            <column name="cid" />
        </many-to-one>
        <many-to-one name="testseries" class="com.pojo.Testseries" fetch="select">
            <column name="tsid" />
        </many-to-one>
        <property name="score" type="string">
            <column name="score" />
        </property>
    </class>
</hibernate-mapping>
