<?xml version="1.0"?>
<!DOCTYPE hibernate-mapping PUBLIC "-//Hibernate/Hibernate Mapping DTD 3.0//EN"
"http://hibernate.sourceforge.net/hibernate-mapping-3.0.dtd">
<!-- Generated Jan 16, 2021 12:07:59 PM by Hibernate Tools 3.4.0.CR1 -->
<hibernate-mapping>
    <class name="com.pojo.Sport" table="sport" catalog="erpschool">
        <id name="sportid" type="java.lang.Integer">
            <column name="sportid" />
            <generator class="identity" />
        </id>
        <property name="sportname" type="string">
            <column name="sportname" />
        </property>
        <property name="playerscount" type="string">
            <column name="playerscount" />
        </property>
        <set name="sportequipments" table="sportequipment" inverse="true" lazy="true" fetch="select">
            <key>
                <column name="sportid" />
            </key>
            <one-to-many class="com.pojo.Sportequipment" />
        </set>
        <set name="tournaments" table="tournament" inverse="true" lazy="true" fetch="select">
            <key>
                <column name="sportid" />
            </key>
            <one-to-many class="com.pojo.Tournament" />
        </set>
    </class>
</hibernate-mapping>
