<?xml version="1.0"?>
<!DOCTYPE hibernate-mapping PUBLIC "-//Hibernate/Hibernate Mapping DTD 3.0//EN"
"http://hibernate.sourceforge.net/hibernate-mapping-3.0.dtd">
<!-- Generated Jan 16, 2021 12:07:59 PM by Hibernate Tools 3.4.0.CR1 -->
<hibernate-mapping>
    <class name="com.pojo.Sportequipment" table="sportequipment" catalog="erpschool">
        <id name="seid" type="java.lang.Integer">
            <column name="seid" />
            <generator class="identity" />
        </id>
        <many-to-one name="sport" class="com.pojo.Sport" fetch="select">
            <column name="sportid" />
        </many-to-one>
        <property name="ename" type="string">
            <column name="ename" />
        </property>
        <property name="quantity" type="string">
            <column name="quantity" />
        </property>
    </class>
</hibernate-mapping>
