<?xml version="1.0"?>
<!DOCTYPE hibernate-mapping PUBLIC "-//Hibernate/Hibernate Mapping DTD 3.0//EN"
"http://hibernate.sourceforge.net/hibernate-mapping-3.0.dtd">
<!-- Generated Jan 16, 2021 12:07:59 PM by Hibernate Tools 3.4.0.CR1 -->
<hibernate-mapping>
    <class name="com.pojo.Student" table="student" catalog="erpschool">
        <id name="sid" type="java.lang.Integer">
            <column name="sid" />
            <generator class="identity" />
        </id>
        <many-to-one name="parent" class="com.pojo.Parent" fetch="select">
            <column name="pid" />
        </many-to-one>
        <many-to-one name="fee" class="com.pojo.Fee" fetch="select">
            <column name="fsid" />
        </many-to-one>
        <property name="name" type="string">
            <column name="name" length="200" />
        </property>
        <property name="uniqueid" type="string">
            <column name="uniqueid" length="200" not-null="true" unique="true" />
        </property>
        <property name="logname" type="string">
            <column name="logname" length="200" />
        </property>
        <property name="logpass" type="string">
            <column name="logpass" length="200" />
        </property>
        <property name="standard" type="string">
            <column name="standard" length="200" />
        </property>
        <property name="division" type="string">
            <column name="division" length="200" />
        </property>
        <property name="stdrollno" type="string">
            <column name="stdrollno" length="220" />
        </property>
        <property name="address" type="string">
            <column name="address" length="200" />
        </property>
        <property name="age" type="string">
            <column name="age" length="200" />
        </property>
        <property name="dob" type="string">
            <column name="dob" length="200" />
        </property>
        <property name="gender" type="string">
            <column name="gender" length="200" />
        </property>
        <property name="aadhar" type="string">
            <column name="aadhar" length="200" />
        </property>
        <property name="deductionfee" type="string">
            <column name="deductionfee" />
        </property>
        <property name="unpaid" type="string">
            <column name="unpaid" />
        </property>
        <property name="paid" type="string">
            <column name="paid" />
        </property>
        <property name="fine" type="string">
            <column name="fine" />
        </property>
        <property name="totalfee" type="string">
            <column name="totalfee" />
        </property>
        <property name="deposit" type="string">
            <column name="deposit" />
        </property>
        <property name="birthcertificate" type="string">
            <column name="birthcertificate" length="200" />
        </property>
        <property name="email" type="string">
            <column name="email" length="200" />
        </property>
        <set name="busstudents" table="busstudent" inverse="true" lazy="true" fetch="select">
            <key>
                <column name="sid" />
            </key>
            <one-to-many class="com.pojo.Busstudent" />
        </set>
        <set name="studenthostels" table="studenthostel" inverse="true" lazy="true" fetch="select">
            <key>
                <column name="sid" />
            </key>
            <one-to-many class="com.pojo.Studenthostel" />
        </set>
        <set name="bookissuestudents" table="bookissuestudent" inverse="true" lazy="true" fetch="select">
            <key>
                <column name="sid" />
            </key>
            <one-to-many class="com.pojo.Bookissuestudent" />
        </set>
        <set name="candidates" table="candidate" inverse="true" lazy="true" fetch="select">
            <key>
                <column name="sid" />
            </key>
            <one-to-many class="com.pojo.Candidate" />
        </set>
        <set name="homeworkcompletes" table="homeworkcomplete" inverse="true" lazy="true" fetch="select">
            <key>
                <column name="sid" />
            </key>
            <one-to-many class="com.pojo.Homeworkcomplete" />
        </set>
        <set name="leavestudents" table="leavestudent" inverse="true" lazy="true" fetch="select">
            <key>
                <column name="sid" />
            </key>
            <one-to-many class="com.pojo.Leavestudent" />
        </set>
        <set name="scholarshipreqs" table="scholarshipreq" inverse="true" lazy="true" fetch="select">
            <key>
                <column name="sid" />
            </key>
            <one-to-many class="com.pojo.Scholarshipreq" />
        </set>
        <set name="bookfines" table="bookfine" inverse="true" lazy="true" fetch="select">
            <key>
                <column name="sid" />
            </key>
            <one-to-many class="com.pojo.Bookfine" />
        </set>
        <set name="homeworkreports" table="homeworkreport" inverse="true" lazy="true" fetch="select">
            <key>
                <column name="sid" />
            </key>
            <one-to-many class="com.pojo.Homeworkreport" />
        </set>
        <set name="reviewstudents" table="reviewstudent" inverse="true" lazy="true" fetch="select">
            <key>
                <column name="sid" />
            </key>
            <one-to-many class="com.pojo.Reviewstudent" />
        </set>
    </class>
</hibernate-mapping>
