<?xml version="1.0"?>
<!DOCTYPE hibernate-mapping PUBLIC "-//Hibernate/Hibernate Mapping DTD 3.0//EN"
"http://hibernate.sourceforge.net/hibernate-mapping-3.0.dtd">
<!-- Generated Jan 16, 2021 12:07:59 PM by Hibernate Tools 3.4.0.CR1 -->
<hibernate-mapping>
    <class name="com.pojo.Studenthostel" table="studenthostel" catalog="erpschool">
        <id name="shid" type="java.lang.Integer">
            <column name="shid" />
            <generator class="identity" />
        </id>
        <many-to-one name="hostel" class="com.pojo.Hostel" fetch="select">
            <column name="hostelid" />
        </many-to-one>
        <many-to-one name="student" class="com.pojo.Student" fetch="select">
            <column name="sid" />
        </many-to-one>
        <property name="bedno" type="string">
            <column name="bedno" />
        </property>
        <property name="roomno" type="string">
            <column name="roomno" />
        </property>
    </class>
</hibernate-mapping>
