<?xml version="1.0"?>
<!DOCTYPE hibernate-mapping PUBLIC "-//Hibernate/Hibernate Mapping DTD 3.0//EN"
"http://hibernate.sourceforge.net/hibernate-mapping-3.0.dtd">
<!-- Generated Jan 16, 2021 12:07:59 PM by Hibernate Tools 3.4.0.CR1 -->
<hibernate-mapping>
    <class name="com.pojo.Subject" table="subject" catalog="erpschool">
        <id name="subid" type="java.lang.Integer">
            <column name="subid" />
            <generator class="identity" />
        </id>
        <property name="subname" type="string">
            <column name="subname" length="200" />
        </property>
        <set name="homeworks" table="homework" inverse="true" lazy="true" fetch="select">
            <key>
                <column name="subid" />
            </key>
            <one-to-many class="com.pojo.Homework" />
        </set>
        <set name="books" table="book" inverse="true" lazy="true" fetch="select">
            <key>
                <column name="subid" />
            </key>
            <one-to-many class="com.pojo.Book" />
        </set>
        <set name="lectureattendances" table="lectureattendance" inverse="true" lazy="true" fetch="select">
            <key>
                <column name="subid" />
            </key>
            <one-to-many class="com.pojo.Lectureattendance" />
        </set>
        <set name="videotutorials" table="videotutorial" inverse="true" lazy="true" fetch="select">
            <key>
                <column name="subid" />
            </key>
            <one-to-many class="com.pojo.Videotutorial" />
        </set>
        <set name="subjectsyllabuses" table="subjectsyllabus" inverse="true" lazy="true" fetch="select">
            <key>
                <column name="subid" />
            </key>
            <one-to-many class="com.pojo.Subjectsyllabus" />
        </set>
        <set name="offlineexams" table="offlineexam" inverse="true" lazy="true" fetch="select">
            <key>
                <column name="subid" />
            </key>
            <one-to-many class="com.pojo.Offlineexam" />
        </set>
    </class>
</hibernate-mapping>
