<?xml version="1.0"?>
<!DOCTYPE hibernate-mapping PUBLIC "-//Hibernate/Hibernate Mapping DTD 3.0//EN"
"http://hibernate.sourceforge.net/hibernate-mapping-3.0.dtd">
<!-- Generated Jan 16, 2021 12:07:59 PM by Hibernate Tools 3.4.0.CR1 -->
<hibernate-mapping>
    <class name="com.pojo.Subjectsyllabus" table="subjectsyllabus" catalog="erpschool">
        <id name="ssid" type="java.lang.Integer">
            <column name="ssid" />
            <generator class="identity" />
        </id>
        <many-to-one name="subject" class="com.pojo.Subject" fetch="select">
            <column name="subid" />
        </many-to-one>
        <property name="standard" type="string">
            <column name="standard" />
        </property>
        <property name="syllabus" type="string">
            <column name="syllabus" />
        </property>
    </class>
</hibernate-mapping>
