<?xml version="1.0"?>
<!DOCTYPE hibernate-mapping PUBLIC "-//Hibernate/Hibernate Mapping DTD 3.0//EN"
"http://hibernate.sourceforge.net/hibernate-mapping-3.0.dtd">
<!-- Generated Jan 16, 2021 12:07:59 PM by Hibernate Tools 3.4.0.CR1 -->
<hibernate-mapping>
    <class name="com.pojo.Teacherattendance" table="teacherattendance" catalog="erpschool">
        <id name="taid" type="java.lang.Integer">
            <column name="taid" />
            <generator class="identity" />
        </id>
        <many-to-one name="teacher" class="com.pojo.Teacher" fetch="select">
            <column name="tid" />
        </many-to-one>
        <property name="absentdays" type="string">
            <column name="absentdays" />
        </property>
    </class>
</hibernate-mapping>
