<?xml version="1.0"?>
<!DOCTYPE hibernate-mapping PUBLIC "-//Hibernate/Hibernate Mapping DTD 3.0//EN"
"http://hibernate.sourceforge.net/hibernate-mapping-3.0.dtd">
<!-- Generated Jan 16, 2021 12:07:59 PM by Hibernate Tools 3.4.0.CR1 -->
<hibernate-mapping>
    <class name="com.pojo.Testseries" table="testseries" catalog="erpschool">
        <id name="tsid" type="java.lang.Integer">
            <column name="tsid" />
            <generator class="identity" />
        </id>
        <property name="tsname" type="string">
            <column name="tsname" />
        </property>
        <set name="exampapers" table="exampaper" inverse="true" lazy="true" fetch="select">
            <key>
                <column name="tsid" />
            </key>
            <one-to-many class="com.pojo.Exampaper" />
        </set>
        <set name="candidates" table="candidate" inverse="true" lazy="true" fetch="select">
            <key>
                <column name="tsid" />
            </key>
            <one-to-many class="com.pojo.Candidate" />
        </set>
        <set name="scores" table="score" inverse="true" lazy="true" fetch="select">
            <key>
                <column name="tsid" />
            </key>
            <one-to-many class="com.pojo.Score" />
        </set>
        <set name="offlineexams" table="offlineexam" inverse="true" lazy="true" fetch="select">
            <key>
                <column name="tsid" />
            </key>
            <one-to-many class="com.pojo.Offlineexam" />
        </set>
    </class>
</hibernate-mapping>
