<?xml version="1.0"?>
<!DOCTYPE hibernate-mapping PUBLIC "-//Hibernate/Hibernate Mapping DTD 3.0//EN"
"http://hibernate.sourceforge.net/hibernate-mapping-3.0.dtd">
<!-- Generated Jan 16, 2021 12:07:59 PM by Hibernate Tools 3.4.0.CR1 -->
<hibernate-mapping>
    <class name="com.pojo.Tournament" table="tournament" catalog="erpschool">
        <id name="tournamentid" type="java.lang.Integer">
            <column name="tournamentid" />
            <generator class="identity" />
        </id>
        <many-to-one name="sport" class="com.pojo.Sport" fetch="select">
            <column name="sportid" />
        </many-to-one>
        <property name="name" type="string">
            <column name="name" />
        </property>
        <property name="startdate" type="string">
            <column name="startdate" />
        </property>
        <property name="location" type="string">
            <column name="location" />
        </property>
        <property name="noofstudent" type="string">
            <column name="noofstudent" />
        </property>
    </class>
</hibernate-mapping>
