<?xml version="1.0"?>
<!DOCTYPE hibernate-mapping PUBLIC "-//Hibernate/Hibernate Mapping DTD 3.0//EN"
"http://hibernate.sourceforge.net/hibernate-mapping-3.0.dtd">
<!-- Generated Jan 16, 2021 12:07:59 PM by Hibernate Tools 3.4.0.CR1 -->
<hibernate-mapping>
    <class name="com.pojo.Videotutorial" table="videotutorial" catalog="erpschool">
        <id name="vid" type="java.lang.Integer">
            <column name="vid" />
            <generator class="identity" />
        </id>
        <many-to-one name="subject" class="com.pojo.Subject" fetch="select">
            <column name="subid" />
        </many-to-one>
        <many-to-one name="teacher" class="com.pojo.Teacher" fetch="select">
            <column name="tid" />
        </many-to-one>
        <property name="standard" type="string">
            <column name="standard" />
        </property>
        <property name="video" type="string">
            <column name="video" />
        </property>
        <property name="topicname" type="string">
            <column name="topicname" />
        </property>
    </class>
</hibernate-mapping>
