<?xml version="1.0"?>
<!DOCTYPE hibernate-mapping PUBLIC "-//Hibernate/Hibernate Mapping DTD 3.0//EN"
"http://hibernate.sourceforge.net/hibernate-mapping-3.0.dtd">
<!-- Generated Jan 16, 2021 12:07:59 PM by Hibernate Tools 3.4.0.CR1 -->
<hibernate-mapping>
    <class name="com.pojo.Visitormeeting" table="visitormeeting" catalog="erpschool">
        <id name="vmid" type="java.lang.Integer">
            <column name="vmid" />
            <generator class="identity" />
        </id>
        <many-to-one name="visitors" class="com.pojo.Visitors" fetch="select">
            <column name="vid" />
        </many-to-one>
        <property name="time" type="string">
            <column name="time" />
        </property>
        <property name="date" type="string">
            <column name="date" />
        </property>
    </class>
</hibernate-mapping>
