<?xml version="1.0"?>
<!DOCTYPE hibernate-mapping PUBLIC "-//Hibernate/Hibernate Mapping DTD 3.0//EN"
"http://hibernate.sourceforge.net/hibernate-mapping-3.0.dtd">
<!-- Generated Jan 16, 2021 12:07:59 PM by Hibernate Tools 3.4.0.CR1 -->
<hibernate-mapping>
    <class name="com.pojo.Visitors" table="visitors" catalog="erpschool">
        <id name="vid" type="java.lang.Integer">
            <column name="vid" />
            <generator class="identity" />
        </id>
        <property name="name" type="string">
            <column name="name" />
        </property>
        <property name="indate" type="string">
            <column name="indate" />
        </property>
        <property name="intime" type="string">
            <column name="intime" />
        </property>
        <property name="outdate" type="string">
            <column name="outdate" />
        </property>
        <property name="outtime" type="string">
            <column name="outtime" />
        </property>
        <property name="reason" type="string">
            <column name="reason" length="400" />
        </property>
        <property name="address" type="string">
            <column name="address" />
        </property>
        <property name="phone" type="string">
            <column name="phone" />
        </property>
        <property name="idproof" type="string">
            <column name="idproof" />
        </property>
        <set name="visitormeetings" table="visitormeeting" inverse="true" lazy="true" fetch="select">
            <key>
                <column name="vid" />
            </key>
            <one-to-many class="com.pojo.Visitormeeting" />
        </set>
    </class>
</hibernate-mapping>
