<?xml version="1.0" encoding="UTF-8"?>
<!DOCTYPE hibernate-reverse-engineering PUBLIC "-//Hibernate/Hibernate Reverse Engineering DTD 3.0//EN" "http://hibernate.sourceforge.net/hibernate-reverse-engineering-3.0.dtd" >

<hibernate-reverse-engineering>
  <table-filter match-catalog="erpschool" match-name="admin"/>
  <table-filter match-catalog="erpschool" match-name="admission"/>
  <table-filter match-catalog="erpschool" match-name="announcement"/>
  <table-filter match-catalog="erpschool" match-name="book"/>
  <table-filter match-catalog="erpschool" match-name="bookfine"/>
  <table-filter match-catalog="erpschool" match-name="bookissuestudent"/>
  <table-filter match-catalog="erpschool" match-name="bookissueteacher"/>
  <table-filter match-catalog="erpschool" match-name="bus"/>
  <table-filter match-catalog="erpschool" match-name="busstatus"/>
  <table-filter match-catalog="erpschool" match-name="busstudent"/>
  <table-filter match-catalog="erpschool" match-name="candidate"/>
  <table-filter match-catalog="erpschool" match-name="candidateans"/>
  <table-filter match-catalog="erpschool" match-name="career"/>
  <table-filter match-catalog="erpschool" match-name="classs"/>
  <table-filter match-catalog="erpschool" match-name="classsmart"/>
  <table-filter match-catalog="erpschool" match-name="comment"/>
  <table-filter match-catalog="erpschool" match-name="driver"/>
  <table-filter match-catalog="erpschool" match-name="employee"/>
  <table-filter match-catalog="erpschool" match-name="employeeattendance"/>
  <table-filter match-catalog="erpschool" match-name="exampaper"/>
  <table-filter match-catalog="erpschool" match-name="examtimetable"/>
  <table-filter match-catalog="erpschool" match-name="fee"/>
  <table-filter match-catalog="erpschool" match-name="homework"/>
  <table-filter match-catalog="erpschool" match-name="homeworkcomplete"/>
  <table-filter match-catalog="erpschool" match-name="homeworkreport"/>
  <table-filter match-catalog="erpschool" match-name="hostel"/>
  <table-filter match-catalog="erpschool" match-name="leaveemployee"/>
  <table-filter match-catalog="erpschool" match-name="leavestudent"/>
  <table-filter match-catalog="erpschool" match-name="leaveteacher"/>
  <table-filter match-catalog="erpschool" match-name="lectureattendance"/>
  <table-filter match-catalog="erpschool" match-name="lecturetimetable"/>
  <table-filter match-catalog="erpschool" match-name="offlineexam"/>
  <table-filter match-catalog="erpschool" match-name="offlineexamresult"/>
  <table-filter match-catalog="erpschool" match-name="parent"/>
  <table-filter match-catalog="erpschool" match-name="product"/>
  <table-filter match-catalog="erpschool" match-name="productorder"/>
  <table-filter match-catalog="erpschool" match-name="productpurchase"/>
  <table-filter match-catalog="erpschool" match-name="proxylecture"/>
  <table-filter match-catalog="erpschool" match-name="reviewstaff"/>
  <table-filter match-catalog="erpschool" match-name="reviewstudent"/>
  <table-filter match-catalog="erpschool" match-name="route"/>
  <table-filter match-catalog="erpschool" match-name="salary"/>
  <table-filter match-catalog="erpschool" match-name="scholarshipreq"/>
  <table-filter match-catalog="erpschool" match-name="score"/>
  <table-filter match-catalog="erpschool" match-name="sport"/>
  <table-filter match-catalog="erpschool" match-name="sportequipment"/>
  <table-filter match-catalog="erpschool" match-name="student"/>
  <table-filter match-catalog="erpschool" match-name="studenthostel"/>
  <table-filter match-catalog="erpschool" match-name="subject"/>
  <table-filter match-catalog="erpschool" match-name="subjectsyllabus"/>
  <table-filter match-catalog="erpschool" match-name="teacher"/>
  <table-filter match-catalog="erpschool" match-name="teacherattendance"/>
  <table-filter match-catalog="erpschool" match-name="testseries"/>
  <table-filter match-catalog="erpschool" match-name="tournament"/>
  <table-filter match-catalog="erpschool" match-name="videotutorial"/>
  <table-filter match-catalog="erpschool" match-name="visitormeeting"/>
  <table-filter match-catalog="erpschool" match-name="visitors"/>
</hibernate-reverse-engineering>