<?xml version="1.0" encoding="UTF-8"?>
<!DOCTYPE hibernate-configuration PUBLIC
		"-//Hibernate/Hibernate Configuration DTD 3.0//EN"
		"http://hibernate.sourceforge.net/hibernate-configuration-3.0.dtd">
<hibernate-configuration>
	<session-factory>
		<property name="hibernate.connection.driver_class">com.mysql.jdbc.Driver</property>
		<property name="hibernate.connection.url">jdbc:mysql://localhost:3306/erpschool</property>
		<property name="hibernate.connection.username">root</property>
		<property name="hibernate.dialect">org.hibernate.dialect.MySQLDialect</property>
		<mapping resource="com/pojo/Admin.hbm.xml" />
		<mapping resource="com/pojo/Admission.hbm.xml" />
		<mapping resource="com/pojo/Announcement.hbm.xml" />
		<mapping resource="com/pojo/Book.hbm.xml" />
		<mapping resource="com/pojo/Bookfine.hbm.xml" />
		<mapping resource="com/pojo/Bookissuestudent.hbm.xml" />
		<mapping resource="com/pojo/Bookissueteacher.hbm.xml" />
		<mapping resource="com/pojo/Bus.hbm.xml" />
		<mapping resource="com/pojo/Busstatus.hbm.xml" />
		<mapping resource="com/pojo/Busstudent.hbm.xml" />
		<mapping resource="com/pojo/Candidate.hbm.xml" />
		<mapping resource="com/pojo/Candidateans.hbm.xml" />
		<mapping resource="com/pojo/Career.hbm.xml" />
		<mapping resource="com/pojo/Classs.hbm.xml" />
		<mapping resource="com/pojo/Classsmart.hbm.xml" />
		<mapping resource="com/pojo/Comment.hbm.xml" />
		<mapping resource="com/pojo/Driver.hbm.xml" />
		<mapping resource="com/pojo/Employee.hbm.xml" />
		<mapping resource="com/pojo/Employeeattendance.hbm.xml" />
		<mapping resource="com/pojo/Exampaper.hbm.xml" />
		<mapping resource="com/pojo/Examtimetable.hbm.xml" />
		<mapping resource="com/pojo/Fee.hbm.xml" />
		<mapping resource="com/pojo/Homework.hbm.xml" />
		<mapping resource="com/pojo/Homeworkcomplete.hbm.xml" />
		<mapping resource="com/pojo/Homeworkreport.hbm.xml" />
		<mapping resource="com/pojo/Hostel.hbm.xml" />
		<mapping resource="com/pojo/Leaveemployee.hbm.xml" />
		<mapping resource="com/pojo/Leavestudent.hbm.xml" />
		<mapping resource="com/pojo/Leaveteacher.hbm.xml" />
		<mapping resource="com/pojo/Lectureattendance.hbm.xml" />
		<mapping resource="com/pojo/Lecturetimetable.hbm.xml" />
		<mapping resource="com/pojo/Offlineexam.hbm.xml" />
		<mapping resource="com/pojo/Offlineexamresult.hbm.xml" />
		<mapping resource="com/pojo/Parent.hbm.xml" />
		<mapping resource="com/pojo/Product.hbm.xml" />
		<mapping resource="com/pojo/Productorder.hbm.xml" />
		<mapping resource="com/pojo/Productpurchase.hbm.xml" />
		<mapping resource="com/pojo/Proxylecture.hbm.xml" />
		<mapping resource="com/pojo/Reviewstaff.hbm.xml" />
		<mapping resource="com/pojo/Reviewstudent.hbm.xml" />
		<mapping resource="com/pojo/Route.hbm.xml" />
		<mapping resource="com/pojo/Scholarshipreq.hbm.xml" />
		<mapping resource="com/pojo/Score.hbm.xml" />
		<mapping resource="com/pojo/Sport.hbm.xml" />
		<mapping resource="com/pojo/Sportequipment.hbm.xml" />
		<mapping resource="com/pojo/Student.hbm.xml" />
		<mapping resource="com/pojo/Studenthostel.hbm.xml" />
		<mapping resource="com/pojo/Subject.hbm.xml" />
		<mapping resource="com/pojo/Subjectsyllabus.hbm.xml" />
		<mapping resource="com/pojo/Teacher.hbm.xml" />
		<mapping resource="com/pojo/Teacherattendance.hbm.xml" />
		<mapping resource="com/pojo/Testseries.hbm.xml" />
		<mapping resource="com/pojo/Videotutorial.hbm.xml" />
		<mapping resource="com/pojo/Visitors.hbm.xml" />
		<mapping resource="com/pojo/Salary.hbm.xml"/>
		<mapping resource="com/pojo/Tournament.hbm.xml"/>
		<mapping resource="com/pojo/Visitormeeting.hbm.xml"/>
	</session-factory>
</hibernate-configuration>
